Workbook

Sheet Resumo
A1: Projeto Cinema (POO) – Resumo de progresso
A2: Repositório eduardovcmalta/Trabalho-de-POO-2026.2 · branch dudu · commit 79e4d7f · verificação de 30/10/2026
A4: Peso de um item 'Parcial' | B4: 0.5 | C4: Premissa: um item parcial vale meio item feito (editável).
A6: Etapa | B6: Total de itens | C6: Feito | D6: Parcial | E6: Faltando | F6: % concluído
A7: Etapa 1 – Classes | B7: =COUNTIF(Checklist!$A$5:$A$28,$A7) -> 6 | C7: =COUNTIFS(Checklist!$A$5:$A$28,$A7,Checklist!$C$5:$C$28,"Feito") -> 6 | D7: =COUNTIFS(Checklist!$A$5:$A$28,$A7,Checklist!$C$5:$C$28,"Parcial") -> 0 | E7: =COUNTIFS(Checklist!$A$5:$A$28,$A7,Checklist!$C$5:$C$28,"Faltando") -> 0 | F7: =IF(B7=0,0,(C7+$B$4*D7)/B7) -> 1
A8: Etapa 2 – Herança e sobrescrita | B8: =COUNTIF(Checklist!$A$5:$A$28,$A8) -> 8 | C8: =COUNTIFS(Checklist!$A$5:$A$28,$A8,Checklist!$C$5:$C$28,"Feito") -> 8 | D8: =COUNTIFS(Checklist!$A$5:$A$28,$A8,Checklist!$C$5:$C$28,"Parcial") -> 0 | E8: =COUNTIFS(Checklist!$A$5:$A$28,$A8,Checklist!$C$5:$C$28,"Faltando") -> 0 | F8: =IF(B8=0,0,(C8+$B$4*D8)/B8) -> 1
A9: Etapa 3 – Abstração e exceções | B9: =COUNTIF(Checklist!$A$5:$A$28,$A9) -> 8 | C9: =COUNTIFS(Checklist!$A$5:$A$28,$A9,Checklist!$C$5:$C$28,"Feito") -> 8 | D9: =COUNTIFS(Checklist!$A$5:$A$28,$A9,Checklist!$C$5:$C$28,"Parcial") -> 0 | E9: =COUNTIFS(Checklist!$A$5:$A$28,$A9,Checklist!$C$5:$C$28,"Faltando") -> 0 | F9: =IF(B9=0,0,(C9+$B$4*D9)/B9) -> 1
A10: Etapa 4 – Padrão de projeto | B10: =COUNTIF(Checklist!$A$5:$A$28,$A10) -> 2 | C10: =COUNTIFS(Checklist!$A$5:$A$28,$A10,Checklist!$C$5:$C$28,"Feito") -> 0 | D10: =COUNTIFS(Checklist!$A$5:$A$28,$A10,Checklist!$C$5:$C$28,"Parcial") -> 0 | E10: =COUNTIFS(Checklist!$A$5:$A$28,$A10,Checklist!$C$5:$C$28,"Faltando") -> 2 | F10: =IF(B10=0,0,(C10+$B$4*D10)/B10) -> 0
A11: TOTAL | B11: =SUM(B7:B10) -> 24 | C11: =SUM(C7:C10) -> 22 | D11: =SUM(D7:D10) -> 0 | E11: =SUM(E7:E10) -> 2 | F11: =IF(B11=0,0,(C11+$B$4*D11)/B11) -> 0.91666667
A13: Bugs pendentes | B13: =COUNTIF(Bugs!$E$5:$E$22,"Pendente") -> 0
A14: Bugs resolvidos | B14: =COUNTIF(Bugs!$E$5:$E$22,"Resolvido") -> 17
A15: Bugs adiados (decisão da equipe) | B15: =COUNTIF(Bugs!$E$5:$E$22,"Adiado") -> 1
A16: Ressalvas em aberto | B16: =COUNTIF(Ressalvas!$E$5:$E$16,"Em aberto") -> 6
A17: Passos do plano concluídos | B17: =COUNTIF(Plano!$D$5:$D$14,"Sim")&" de "&COUNTA(Plano!$B$5:$B$14) -> 6 de 10
A19: Verificação (30/10/2026)
A20: • Código da dudu compila e o Main roda sem erro; verificador Req.java: 45 requisitos testados, 45 passam (valores informados do relatório da execução).
A21: • Auditoria por reflexão nas 13 classes: atributos private, métodos public e get/set completos.
A22: • Etapas 1, 2 e 3 completas. Falta a Etapa 4 (padrão de projeto e apresentação), que a equipe fará depois.
A23: • Ver a aba Ressalvas: horário passado (marcação manual), catálogo de filmes não ligado às sessões, compra sem bilhete e datas inconsistentes nos slides.

Sheet Checklist
A1: Checklist por etapa – Projeto Cinema (POO)
A2: Base: branch dudu, commit 79e4d7f (30/10/2026). Status editável por lista (Feito / Parcial / Faltando). Evidência = auditoria por reflexão + verificador Req.java (45/45) + execução do Main.
A4: Etapa | B4: Item exigido (slides do professor) | C4: Status | D4: Onde está / evidência | E4: Responsável
A5: Etapa 1 – Classes | B5: Classes Usuario, Sala, Sessao, Filme, Bilhete e Compra: construtores, get/set, atributos private e métodos public | C5: Feito | D5: Auditoria por reflexão nas 13 classes: nenhum atributo fora de private, nenhum método fora de public, nenhum get/set faltando.
A6: Etapa 1 – Classes | B6: Matriz de cadeiras 10x15 e sala com lista fixa de sessões (horário vazio = null e não aparece) | C6: Feito | D6: Sessao: boolean[10][15]. Sala: 7 horários (08h–22h), como no exemplo do slide.
A7: Etapa 1 – Classes | B7: Compra de um bilhete com escolha de poltrona livre | C7: Feito | D7: Compra.comprarBilhete + Sessao.reservarCadeira; Sessao.exibirMapa mostra as livres.
A8: Etapa 1 – Classes | B8: Compra de vários bilhetes com sugestão de cadeiras juntas | C8: Feito | D8: Sessao.sugerirCadeiras + Compra.comprarVariosBilhetes; Compra.comprarBilhetes (tudo ou nada) para confirmar a sugestão.
A9: Etapa 1 – Classes | B9: Usuário realizar, alterar e cancelar compra | C9: Feito | D9: Usuario.realizarCompra/alterarCompra/cancelarCompra; cancelar libera as cadeiras e esvazia a Compra.
A10: Etapa 1 – Classes | B10: Usuário busca as sessões em cada sala (filme + horário) | C10: Feito | D10: Sala.exibirSessoesDisponiveis (sessões nulas não aparecem).
A11: Etapa 2 – Herança e sobrescrita | B11: Enum de produtos (5 ou 6), com nome (String) e valor (double), integrado à Compra | C11: Feito | D11: Produtos: PIPOCA, NACHOS, REFRIGERANTE, CACHORRO_QUENTE, AGUA.
A12: Etapa 2 – Herança e sobrescrita | B12: Enum CupomPromocional com 3 cupons e seus descontos | C12: Feito | D12: BEMVINDO10 (10%), QUARTAPROMOCIONAL (30%), PRIORITARIO (20%).
A13: Etapa 2 – Herança e sobrescrita | B13: Enum de salas: tipo e multiplicador (Comum 1.0, 3D 1.2, XD 1.3, XD/3D 1.4) | C13: Feito | D13: TipoSala; valor do bilhete = valor do filme x multiplicador (testado nos 4 tipos).
A14: Etapa 2 – Herança e sobrescrita | B14: Estudante (herda de Usuario) paga metade do bilhete | C14: Feito | D14: Estudante.calcularValorBilhete (R$ 20,00 -> R$ 10,00).
A15: Etapa 2 – Herança e sobrescrita | B15: Critico (herda de Usuario) com 'origem', bilhete sempre zero; Filme com nota, quantidade_criticos e vetor critica[100] | C15: Feito | D15: Critico.origem private; Filme: nota (double), quantidade_criticos (int), critica[100].
A16: Etapa 2 – Herança e sobrescrita | B16: Classe Critica (nome, origem, mensagem), atribuirNota (média, 0 a 10) e atribuirCritica (grava no fim do vetor) | C16: Feito | D16: Critico.atribuirNota/atribuirCritica; nota 9 e 7 -> média 8.0 com 2 críticos.
... A28: Etapa 4 – Padrão de projeto | B28: Apresentação: 8 min + 10 min de perguntas | C28: Faltando | D28: Preparar slides e roteiro.

Sheet Bugs
A1: Problemas encontrados e correções
A2: Status editável (Pendente / Resolvido / Adiado). Itens 1–9: análise de 26/10. Itens 10–18: análise de 28/10, resolvidos no commit 79e4d7f.
A4: # | B4: Arquivo | C4: Problema | D4: Correção | E4: Status | F4: Resolvido em | G4: Responsável
A5: 1 | B5: Sala.java – exibirSessoesDisponiveis | C5: Imprimia Filme@hash em vez do nome do filme. | D5: Usar getFilme().getNome(). | E5: Resolvido | F5: 86510c6
A6: 2 | B6: Critico.java – calcularValorBilhete | C6: '0 / super...' dava NaN se o valor fosse 0. | D6: Retornar 0. | E6: Resolvido | F6: a6c9caf
A7: 3 | B7: Critica / Critico | C7: atribuirNota e atribuirCritica estavam na classe errada. | D7: Mover para Critico. | E7: Resolvido | F7: a6c9caf
A8: 4 | B8: Critico.java – origem | C8: Atributo sem private. | D8: private + get/set. | E8: Resolvido | F8: a6c9caf
A9: 5 | B9: Enums/Cupons | C9: O enunciado pede o nome CupomPromocional. | D9: Renomear enum. | E9: Resolvido | F9: 96ef1ce
A10: 6 | B10: Usuario.java – numerocartao | C10: Tipo int estourava com 16 dígitos. | D10: Usar String. | E10: Resolvido | F10: 86510c6
A11: 7 | B11: Usuario.java – compra | C11: Atributo não era preenchido. | D11: Métodos realizar/alterar/cancelar compra no Usuario. | E11: Resolvido | F11: 971e9a4
A12: 8 | B12: Repositório – .gitignore | C12: out/ e .idea/ estavam versionados. | D12: Criar .gitignore e remover do versionamento. | E12: Resolvido | F12: 3124a50
A13: 9 | B13: Branches – main | C13: A main ficou atrás da dudu (19 commits). | D13: Decisão da equipe: main só recebe a versão final, depois da Etapa 4. | E13: Adiado | F13: —
A14: 10 | B14: Funcionario.java | C14: Os 5 métodos só imprimiam 'lógica pendente'. | D14: Implementar usando o Repositorio. | E14: Resolvido | F14: 79e4d7f
A15: 11 | B15: Administrador.java | C15: Persistência só de escrita: nada era lido de volta. | D15: Repositorio com carregar() e salvar(). | E15: Resolvido | F15: 79e4d7f
A16: 12 | B16: Persistência (usuários e filmes) | C16: Duplicava CPF; perdia tipo e origem do usuário e emCartaz, nota e críticas do filme; ';' na sinopse quebrava o arquivo. | D16: Repositorio valida chave única, grava tipo, origem, emCartaz, nota e críticas e protege o ';'. | E16: Resolvido | F16: 79e4d7f
... A22: 18 | B22: Main.java | C22: Só demonstrava parte dos requisitos. | D22: Demonstrar vários bilhetes, alterar, cancelar, 3 erros e persistência. | E22: Resolvido | F22: 79e4d7f

Sheet Ressalvas
A1: Ressalvas e pontos de atenção
A2: Nada aqui impede o cumprimento dos slides das Etapas 1 a 3, mas convém decidir ou confirmar com o professor.
A4: # | B4: Ressalva | C4: Impacto | D4: Recomendação | E4: Situação | F4: Responsável
A5: 1 | B5: Horário passado: o erro depende de uma marcação manual (Sessao.setHorarioPassado). Nada compara com a hora atual. | C5: O slide da Etapa 1 manda não comparar com a hora atual, mas a Etapa 3 exige o erro de horário. Leitura ambígua. | D5: Confirmar com o professor. Se ele esperar comparação real, ligar a sessão a uma hora de início. | E5: Em aberto
A6: 2 | B6: O catálogo de filmes do Repositorio não está ligado às Sessao/Sala. | C6: Excluir um filme no administrador não tira a sessão do ar; isso só acontece por Filme.setEmCartaz(false). | D6: Sem requisito a respeito. Estar pronto para explicar na apresentação. | E6: Em aberto
A7: 3 | B7: Slide da Etapa 1: a compra 'deve ter um ou mais bilhetes', mas Compra pode existir só com produtos ou vazia. | C7: Não há validação que exija pelo menos 1 bilhete. | D7: Decidir: manter assim (o resumo mostra 'nenhum ingresso') ou exigir 1 bilhete antes de produtos. | E7: Em aberto
A8: 4 | B8: Datas dos slides inconsistentes: capas com 08-2026, 06-2026 e xx-05-2026; calendários com 10/03, 27/03 e 24/04 de 2026; repositório com commits de set e out/2026. | C8: Prazos reais desconhecidos. | D8: Confirmar prazos de cada entrega com o professor. | E8: Em aberto
A9: 5 | B9: Peso e avaliação: os slides citam 30% para a Etapa 1 e dizem que as entregas 1 e 2 contam para o primeiro GQ; o slide da Etapa 4 diz que as 4 entregas somarão, mas a frase está cortada. | C9: Critérios de nota não estão completos nos slides. | D9: Confirmar com o professor como cada etapa é avaliada. | E9: Em aberto
A10: 6 | B10: Dados sensíveis (senha, número e código do cartão) gravados em texto puro nos arquivos .txt. | C10: Aceitável para trabalho acadêmico; inadequado em sistema real. | D10: Citar como limitação conhecida na apresentação. | E10: Aceito
A11: 7 | B11: Persistência cobre usuários, filmes e críticas. Compras, bilhetes e cadeiras ocupadas não são gravados. | C11: O enunciado pede persistência só de usuário e filme. | D11: Nenhuma, salvo se o professor pedir mais. | E11: Aceito
A12: 8 | B12: Funcionario altera os dados em memória; só o Administrador grava em arquivo. | C12: Segue o slide: o administrador é responsável pela persistência. | D12: Mostrar na demonstração: o funcionário inclui e o administrador salva. | E12: Aceito
A13: 9 | B13: Sugestão de cadeiras: primeiro bloco livre na mesma fileira (de A para J), no máximo 15 cadeiras. Acima disso lança VendasException. | C13: Não escolhe o centro da sala. | D13: Se quiserem, preferir blocos perto do centro. | E13: Aceito
A14: 10 | B14: A main está atrás da dudu (19 commits) por decisão da equipe. As branches guilherme e darwin estão contidas na dudu e obsoletas. | C14: Quem baixar a main pega a Etapa 1 inicial. | D14: Fazer o merge dudu -> main só no final. Depois, apagar guilherme e darwin. | E14: Decidido
A15: 11 | B15: Os métodos auxiliares private do Repositorio (limpar, serializar, lerUsuario, lerFilme) estão fora das classes listadas no enunciado. | C15: A regra 'métodos public' vale para as classes do enunciado. | D15: Se quiserem seguir a regra literalmente, tornar public. | E15: Aceito
A16: 12 | B16: Os testes (Req.java) refletem a leitura dos slides por quem os escreveu e não substituem o critério do professor. | C16: Risco residual de interpretação diferente. | D16: Rodar uma demonstração completa antes da entrega. | E16: Em aberto

Sheet Plano
A1: Plano do projeto
A2: Marque Sim/Não em Concluído. Responsável e Prazo são editáveis (prazos reais a confirmar com o professor).
A4: Passo | B4: Tarefa | C4: Detalhes | D4: Concluído? | E4: Responsável | F4: Prazo
A5: 1 | B5: Criar .gitignore e limpar o repositório | C5: out/ e .idea/ fora do versionamento (commit 3124a50). | D5: Sim
A6: 2 | B6: Corrigir os bugs da primeira análise | C6: Exibir sessões, cartão como String, nota como double (commits 86510c6 e a6c9caf). | D6: Sim
A7: 3 | B7: Fechar a Etapa 2 | C7: Sobrecarga com cupom, Critico, CupomPromocional (commits 96ef1ce a 2e83397). | D7: Sim
A8: 4 | B8: Fechar a Etapa 1 | C8: Sugestão de cadeiras, realizar/alterar/cancelar compra, getters e setters (commit 971e9a4 e 79e4d7f). | D8: Sim
A9: 5 | B9: Etapa 3 – Exceções | C9: VendasException com 3 erros (commit 51570d2). | D9: Sim
A10: 6 | B10: Etapa 3 – Hierarquia e persistência | C10: Base, Funcionario, Administrador, interface e Repositorio (commits 7c73165, 69709a7 e 79e4d7f). | D10: Sim
A11: 7 | B11: Confirmar dúvidas com o professor | C11: Horário passado, exigência de 1 bilhete por compra, prazos e pesos (aba Ressalvas). | D11: Não
A12: 8 | B12: Etapa 4 – Padrão de projeto | C12: Escolher o padrão, aplicar e escrever a justificativa. | D12: Não
A13: 9 | B13: Etapa 4 – Apresentação | C13: 8 minutos de apresentação + 10 de perguntas. | D13: Não
A14: 10 | B14: Merge final dudu -> main | C14: Somente depois da Etapa 4 pronta; depois apagar guilherme e darwin. | D14: Não

Sheet Branches
A1: Situação das branches (30/10/2026)
A3: Branch | B3: Último commit | C3: Situação | D3: Ação recomendada
A4: dudu | B4: 79e4d7f (30/10) | C4: Branch de integração: Etapas 1 a 3 completas. | D4: Continuar a Etapa 4 a partir dela.
A5: main | B5: e21b74a (21/09) | C5: 19 commits atrás da dudu, por decisão da equipe. | D5: Receber a dudu só no final.
A6: guilherme | B6: 0345ef5 (24/09) | C6: Contida na dudu (13 commits atrás). | D6: Pode ser apagada depois do merge final.
A7: darwin | B7: e54f221 (24/09) | C7: Contida na dudu (14 commits atrás). | D7: Pode ser apagada depois do merge final.

Sheet Histórico
A1: Histórico de commits relevantes (branch dudu)
A3: Data | B3: Commit | C3: Autor | D3: O que mudou
A4: 17–24/09 | B4: e61a9c4 … 0345ef5 | C4: Darwin e Guilherme | D4: Esqueleto da Etapa 1, enums, Critico/Critica, vetor de críticas.
A5: 27/10 | B5: 3124a50 | C5: Eduardo Malta | D5: .gitignore; remove out/ e .idea/.
A6: 27/10 | B6: 34b4a6f, 86510c6 | C6: Eduardo Malta | D6: Corrige exibir sessões, cartão como String, nota como double.
A7: 27/10 | B7: 96ef1ce | C7: Eduardo Malta | D7: Renomeia Cupons para CupomPromocional.
A8: 27/10 | B8: a6c9caf | C8: Eduardo Malta | D8: Move atribuirNota/atribuirCritica para Critico; origem private.
A9: 27/10 | B9: b141cfe | C9: Eduardo Malta | D9: Sobrecarga de comprarProduto com cupom.
A10: 27/10 | B10: 2e83397 | C10: Eduardo Malta | D10: Testes da Etapa 2 no Main.
A11: 28/10 | B11: 971e9a4 | C11: Eduardo Malta | D11: Etapa 1: sugestão de cadeiras, métodos de compra no Usuario, getters/setters.
A12: 28/10 | B12: 7c73165 | C12: Eduardo Malta | D12: Etapa 3: Base, Administrador, Funcionario e interface GerenciaFilmes.
A13: 28/10 | B13: 69709a7 | C13: Eduardo Malta | D13: Etapa 3: herança e persistência em txt.
A14: 28/10 | B14: 51570d2 | C14: Eduardo Malta | D14: Etapa 3: VendasException e bloqueio de compras inválidas.
... A16: 30/10 | B16: 79e4d7f | C16: Eduardo Malta | D16: Etapas 1–3: correções e persistência via Repositorio (45/45 no verificador).
